slug,comuna,provincia,region,contexto_para_copy
talca,Talca,Talca,Región del Maule,"comercios, clínicas, restaurantes y empresas de Talca"
constitucion,Constitución,Talca,Región del Maule,negocios y comercios de Constitución
curepto,Curepto,Talca,Región del Maule,comercios y empresas locales de Curepto
empedrado,Empedrado,Talca,Región del Maule,negocios de Empedrado y alrededores
maule,Maule,Talca,Región del Maule,comercios y empresas de la comuna de Maule
pelarco,Pelarco,Talca,Región del Maule,negocios locales de Pelarco
pencahue,Pencahue,Talca,Región del Maule,comercios de Pencahue
rio-claro,Río Claro,Talca,Región del Maule,empresas y locales de Río Claro
san-clemente,San Clemente,Talca,Región del Maule,negocios y comercios de San Clemente
san-rafael,San Rafael,Talca,Región del Maule,locales comerciales de San Rafael
curico,Curicó,Curicó,Región del Maule,"comercios, empresas y negocios de Curicó"
hualane,Hualañé,Curicó,Región del Maule,negocios locales de Hualañé
licanten,Licantén,Curicó,Región del Maule,comercios de Licantén
molina,Molina,Curicó,Región del Maule,"empresas, bodegas y comercios de Molina"
rauco,Rauco,Curicó,Región del Maule,locales y negocios de Rauco
romeral,Romeral,Curicó,Región del Maule,comercios de Romeral
sagrada-familia,Sagrada Familia,Curicó,Región del Maule,negocios y locales de Sagrada Familia
teno,Teno,Curicó,Región del Maule,empresas y comercios de Teno
vichuquen,Vichuquén,Curicó,Región del Maule,negocios turísticos y comercios de Vichuquén
linares,Linares,Linares,Región del Maule,"comercios, empresas y negocios de Linares"
colbun,Colbún,Linares,Región del Maule,negocios y comercios de Colbún
longavi,Longaví,Linares,Región del Maule,empresas agrícolas y comercios de Longaví
parral,Parral,Linares,Región del Maule,"comercios, empresas y locales de Parral"
retiro,Retiro,Linares,Región del Maule,negocios locales de Retiro
san-javier,San Javier,Linares,Región del Maule,"viñas, comercios y empresas de San Javier"
villa-alegre,Villa Alegre,Linares,Región del Maule,negocios y locales de Villa Alegre
yerbas-buenas,Yerbas Buenas,Linares,Región del Maule,comercios de Yerbas Buenas
cauquenes,Cauquenes,Cauquenes,Región del Maule,"comercios, empresas y negocios de Cauquenes"
chanco,Chanco,Cauquenes,Región del Maule,negocios de Chanco
pelluhue,Pelluhue,Cauquenes,Región del Maule,negocios turísticos y comercios de Pelluhue
las-rastras,Sector Las Rastras,Talca,Región del Maule,"locales, talleres y comercios del Sector Las Rastras, Talca"
