url_actual_agenciasi.cl,tipo,comuna_o_ciudad,title_actual,meta_description_actual,keyword_sugerida,url_nueva_sugerida_publicidadtalca.cl,decision_marketing
https://agenciasi.cl/marketing/talca/,Marketing digital,Talca,Agencia de Marketing Digital en Talca | AgenciaSI Chile,"Agencia de publicidad y marketing digital en Talca. Meta Ads, SEO, Google Ads y sitios web para pymes de Talca. Cotiza gratis — resultados reales.",agencia de marketing digital Talca,https://publicidadtalca.cl/marketing-digital/talca/,confirmar: marketing digital no encaja con merchandising; ¿se migra o se descarta?
https://agenciasi.cl/marketing/constitucion/,Marketing digital,Constitución,Agencia de Marketing Digital en Constitución | AgenciaSI Chile,"Agencia de publicidad y marketing digital en Constitución. Meta Ads, SEO, Google Ads y sitios web para pymes de Constitución. Cotiza gratis — resultados reales.",agencia de marketing digital Constitución,https://publicidadtalca.cl/marketing-digital/constitucion/,confirmar: marketing digital no encaja con merchandising; ¿se migra o se descarta?
https://agenciasi.cl/marketing/curepto/,Marketing digital,Curepto,Agencia de Marketing Digital en Curepto | AgenciaSI Chile,"Agencia de publicidad y marketing digital en Curepto. Meta Ads, SEO, Google Ads y sitios web para pymes de Curepto. Cotiza gratis — resultados reales.",agencia de marketing digital Curepto,https://publicidadtalca.cl/marketing-digital/curepto/,confirmar: marketing digital no encaja con merchandising; ¿se migra o se descarta?
https://agenciasi.cl/marketing/empedrado/,Marketing digital,Empedrado,Agencia de Marketing Digital en Empedrado | AgenciaSI Chile,"Agencia de publicidad y marketing digital en Empedrado. Meta Ads, SEO, Google Ads y sitios web para pymes de Empedrado. Cotiza gratis — resultados reales.",agencia de marketing digital Empedrado,https://publicidadtalca.cl/marketing-digital/empedrado/,confirmar: marketing digital no encaja con merchandising; ¿se migra o se descarta?
https://agenciasi.cl/marketing/maule/,Marketing digital,Maule,Agencia de Marketing Digital en Maule | AgenciaSI Chile,"Agencia de publicidad y marketing digital en Maule. Meta Ads, SEO, Google Ads y sitios web para pymes de Maule. Cotiza gratis — resultados reales.",agencia de marketing digital Maule,https://publicidadtalca.cl/marketing-digital/maule/,confirmar: marketing digital no encaja con merchandising; ¿se migra o se descarta?
https://agenciasi.cl/marketing/pelarco/,Marketing digital,Pelarco,Agencia de Marketing Digital en Pelarco | AgenciaSI Chile,"Agencia de publicidad y marketing digital en Pelarco. Meta Ads, SEO, Google Ads y sitios web para pymes de Pelarco. Cotiza gratis — resultados reales.",agencia de marketing digital Pelarco,https://publicidadtalca.cl/marketing-digital/pelarco/,confirmar: marketing digital no encaja con merchandising; ¿se migra o se descarta?
https://agenciasi.cl/marketing/pencahue/,Marketing digital,Pencahue,Agencia de Marketing Digital en Pencahue | AgenciaSI Chile,"Agencia de publicidad y marketing digital en Pencahue. Meta Ads, SEO, Google Ads y sitios web para pymes de Pencahue. Cotiza gratis — resultados reales.",agencia de marketing digital Pencahue,https://publicidadtalca.cl/marketing-digital/pencahue/,confirmar: marketing digital no encaja con merchandising; ¿se migra o se descarta?
https://agenciasi.cl/marketing/rio-claro/,Marketing digital,Río Claro,Agencia de Marketing Digital en Río Claro | AgenciaSI Chile,"Agencia de publicidad y marketing digital en Río Claro. Meta Ads, SEO, Google Ads y sitios web para pymes de Río Claro. Cotiza gratis — resultados reales.",agencia de marketing digital Río Claro,https://publicidadtalca.cl/marketing-digital/rio-claro/,confirmar: marketing digital no encaja con merchandising; ¿se migra o se descarta?
https://agenciasi.cl/marketing/san-clemente/,Marketing digital,San Clemente,Agencia de Marketing Digital en San Clemente | AgenciaSI Chile,"Agencia de publicidad y marketing digital en San Clemente. Meta Ads, SEO, Google Ads y sitios web para pymes de San Clemente. Cotiza gratis — resultados reales.",agencia de marketing digital San Clemente,https://publicidadtalca.cl/marketing-digital/san-clemente/,confirmar: marketing digital no encaja con merchandising; ¿se migra o se descarta?
https://agenciasi.cl/marketing/san-rafael/,Marketing digital,San Rafael,Agencia de Marketing Digital en San Rafael | AgenciaSI Chile,"Agencia de publicidad y marketing digital en San Rafael. Meta Ads, SEO, Google Ads y sitios web para pymes de San Rafael. Cotiza gratis — resultados reales.",agencia de marketing digital San Rafael,https://publicidadtalca.cl/marketing-digital/san-rafael/,confirmar: marketing digital no encaja con merchandising; ¿se migra o se descarta?
https://agenciasi.cl/marketing/curico/,Marketing digital,Curicó,Agencia de Marketing Digital en Curicó | AgenciaSI Chile,"Agencia de publicidad y marketing digital en Curicó. Meta Ads, SEO, Google Ads y sitios web para pymes de Curicó. Cotiza gratis — resultados reales.",agencia de marketing digital Curicó,https://publicidadtalca.cl/marketing-digital/curico/,confirmar: marketing digital no encaja con merchandising; ¿se migra o se descarta?
https://agenciasi.cl/marketing/hualane/,Marketing digital,Hualañé,Agencia de Marketing Digital en Hualañé | AgenciaSI Chile,"Agencia de publicidad y marketing digital en Hualañé. Meta Ads, SEO, Google Ads y sitios web para pymes de Hualañé. Cotiza gratis — resultados reales.",agencia de marketing digital Hualañé,https://publicidadtalca.cl/marketing-digital/hualane/,confirmar: marketing digital no encaja con merchandising; ¿se migra o se descarta?
https://agenciasi.cl/marketing/licanten/,Marketing digital,Licantén,Agencia de Marketing Digital en Licantén | AgenciaSI Chile,"Agencia de publicidad y marketing digital en Licantén. Meta Ads, SEO, Google Ads y sitios web para pymes de Licantén. Cotiza gratis — resultados reales.",agencia de marketing digital Licantén,https://publicidadtalca.cl/marketing-digital/licanten/,confirmar: marketing digital no encaja con merchandising; ¿se migra o se descarta?
https://agenciasi.cl/marketing/molina/,Marketing digital,Molina,Agencia de Marketing Digital en Molina | AgenciaSI Chile,"Agencia de publicidad y marketing digital en Molina. Meta Ads, SEO, Google Ads y sitios web para pymes de Molina. Cotiza gratis — resultados reales.",agencia de marketing digital Molina,https://publicidadtalca.cl/marketing-digital/molina/,confirmar: marketing digital no encaja con merchandising; ¿se migra o se descarta?
https://agenciasi.cl/marketing/rauco/,Marketing digital,Rauco,Agencia de Marketing Digital en Rauco | AgenciaSI Chile,"Agencia de publicidad y marketing digital en Rauco. Meta Ads, SEO, Google Ads y sitios web para pymes de Rauco. Cotiza gratis — resultados reales.",agencia de marketing digital Rauco,https://publicidadtalca.cl/marketing-digital/rauco/,confirmar: marketing digital no encaja con merchandising; ¿se migra o se descarta?
https://agenciasi.cl/marketing/romeral/,Marketing digital,Romeral,Agencia de Marketing Digital en Romeral | AgenciaSI Chile,"Agencia de publicidad y marketing digital en Romeral. Meta Ads, SEO, Google Ads y sitios web para pymes de Romeral. Cotiza gratis — resultados reales.",agencia de marketing digital Romeral,https://publicidadtalca.cl/marketing-digital/romeral/,confirmar: marketing digital no encaja con merchandising; ¿se migra o se descarta?
https://agenciasi.cl/marketing/sagrada-familia/,Marketing digital,Sagrada Familia,Agencia de Marketing Digital en Sagrada Familia | AgenciaSI Chile,"Agencia de publicidad y marketing digital en Sagrada Familia. Meta Ads, SEO, Google Ads y sitios web para pymes de Sagrada Familia. Cotiza gratis — resultados reales.",agencia de marketing digital Sagrada Familia,https://publicidadtalca.cl/marketing-digital/sagrada-familia/,confirmar: marketing digital no encaja con merchandising; ¿se migra o se descarta?
https://agenciasi.cl/marketing/teno/,Marketing digital,Teno,Agencia de Marketing Digital en Teno | AgenciaSI Chile,"Agencia de publicidad y marketing digital en Teno. Meta Ads, SEO, Google Ads y sitios web para pymes de Teno. Cotiza gratis — resultados reales.",agencia de marketing digital Teno,https://publicidadtalca.cl/marketing-digital/teno/,confirmar: marketing digital no encaja con merchandising; ¿se migra o se descarta?
https://agenciasi.cl/marketing/vichuquen/,Marketing digital,Vichuquén,Agencia de Marketing Digital en Vichuquén | AgenciaSI Chile,"Agencia de publicidad y marketing digital en Vichuquén. Meta Ads, SEO, Google Ads y sitios web para pymes de Vichuquén. Cotiza gratis — resultados reales.",agencia de marketing digital Vichuquén,https://publicidadtalca.cl/marketing-digital/vichuquen/,confirmar: marketing digital no encaja con merchandising; ¿se migra o se descarta?
https://agenciasi.cl/marketing/linares/,Marketing digital,Linares,Agencia de Marketing Digital en Linares | AgenciaSI Chile,"Agencia de publicidad y marketing digital en Linares. Meta Ads, SEO, Google Ads y sitios web para pymes de Linares. Cotiza gratis — resultados reales.",agencia de marketing digital Linares,https://publicidadtalca.cl/marketing-digital/linares/,confirmar: marketing digital no encaja con merchandising; ¿se migra o se descarta?
https://agenciasi.cl/marketing/colbun/,Marketing digital,Colbún,Agencia de Marketing Digital en Colbún | AgenciaSI Chile,"Agencia de publicidad y marketing digital en Colbún. Meta Ads, SEO, Google Ads y sitios web para pymes de Colbún. Cotiza gratis — resultados reales.",agencia de marketing digital Colbún,https://publicidadtalca.cl/marketing-digital/colbun/,confirmar: marketing digital no encaja con merchandising; ¿se migra o se descarta?
https://agenciasi.cl/marketing/longavi/,Marketing digital,Longaví,Agencia de Marketing Digital en Longaví | AgenciaSI Chile,"Agencia de publicidad y marketing digital en Longaví. Meta Ads, SEO, Google Ads y sitios web para pymes de Longaví. Cotiza gratis — resultados reales.",agencia de marketing digital Longaví,https://publicidadtalca.cl/marketing-digital/longavi/,confirmar: marketing digital no encaja con merchandising; ¿se migra o se descarta?
https://agenciasi.cl/marketing/parral/,Marketing digital,Parral,Agencia de Marketing Digital en Parral | AgenciaSI Chile,"Agencia de publicidad y marketing digital en Parral. Meta Ads, SEO, Google Ads y sitios web para pymes de Parral. Cotiza gratis — resultados reales.",agencia de marketing digital Parral,https://publicidadtalca.cl/marketing-digital/parral/,confirmar: marketing digital no encaja con merchandising; ¿se migra o se descarta?
https://agenciasi.cl/marketing/retiro/,Marketing digital,Retiro,Agencia de Marketing Digital en Retiro | AgenciaSI Chile,"Agencia de publicidad y marketing digital en Retiro. Meta Ads, SEO, Google Ads y sitios web para pymes de Retiro. Cotiza gratis — resultados reales.",agencia de marketing digital Retiro,https://publicidadtalca.cl/marketing-digital/retiro/,confirmar: marketing digital no encaja con merchandising; ¿se migra o se descarta?
https://agenciasi.cl/marketing/san-javier/,Marketing digital,San Javier,Agencia de Marketing Digital en San Javier | AgenciaSI Chile,"Agencia de publicidad y marketing digital en San Javier. Meta Ads, SEO, Google Ads y sitios web para pymes de San Javier. Cotiza gratis — resultados reales.",agencia de marketing digital San Javier,https://publicidadtalca.cl/marketing-digital/san-javier/,confirmar: marketing digital no encaja con merchandising; ¿se migra o se descarta?
https://agenciasi.cl/marketing/villa-alegre/,Marketing digital,Villa Alegre,Agencia de Marketing Digital en Villa Alegre | AgenciaSI Chile,"Agencia de publicidad y marketing digital en Villa Alegre. Meta Ads, SEO, Google Ads y sitios web para pymes de Villa Alegre. Cotiza gratis — resultados reales.",agencia de marketing digital Villa Alegre,https://publicidadtalca.cl/marketing-digital/villa-alegre/,confirmar: marketing digital no encaja con merchandising; ¿se migra o se descarta?
https://agenciasi.cl/marketing/yerbas-buenas/,Marketing digital,Yerbas Buenas,Agencia de Marketing Digital en Yerbas Buenas | AgenciaSI Chile,"Agencia de publicidad y marketing digital en Yerbas Buenas. Meta Ads, SEO, Google Ads y sitios web para pymes de Yerbas Buenas. Cotiza gratis — resultados reales.",agencia de marketing digital Yerbas Buenas,https://publicidadtalca.cl/marketing-digital/yerbas-buenas/,confirmar: marketing digital no encaja con merchandising; ¿se migra o se descarta?
https://agenciasi.cl/marketing/cauquenes/,Marketing digital,Cauquenes,Agencia de Marketing Digital en Cauquenes | AgenciaSI Chile,"Agencia de publicidad y marketing digital en Cauquenes. Meta Ads, SEO, Google Ads y sitios web para pymes de Cauquenes. Cotiza gratis — resultados reales.",agencia de marketing digital Cauquenes,https://publicidadtalca.cl/marketing-digital/cauquenes/,confirmar: marketing digital no encaja con merchandising; ¿se migra o se descarta?
https://agenciasi.cl/marketing/chanco/,Marketing digital,Chanco,Agencia de Marketing Digital en Chanco | AgenciaSI Chile,"Agencia de publicidad y marketing digital en Chanco. Meta Ads, SEO, Google Ads y sitios web para pymes de Chanco. Cotiza gratis — resultados reales.",agencia de marketing digital Chanco,https://publicidadtalca.cl/marketing-digital/chanco/,confirmar: marketing digital no encaja con merchandising; ¿se migra o se descarta?
https://agenciasi.cl/marketing/pelluhue/,Marketing digital,Pelluhue,Agencia de Marketing Digital en Pelluhue | AgenciaSI Chile,"Agencia de publicidad y marketing digital en Pelluhue. Meta Ads, SEO, Google Ads y sitios web para pymes de Pelluhue. Cotiza gratis — resultados reales.",agencia de marketing digital Pelluhue,https://publicidadtalca.cl/marketing-digital/pelluhue/,confirmar: marketing digital no encaja con merchandising; ¿se migra o se descarta?
https://agenciasi.cl/marketing/las-rastras/,Marketing digital,Sector Las Rastras,Agencia de Marketing Digital en Sector Las Rastras | AgenciaSI Chile,"Agencia de publicidad y marketing digital en Sector Las Rastras. Meta Ads, SEO, Google Ads y sitios web para pymes de Sector Las Rastras. Cotiza gratis — resultados reales.",agencia de marketing digital Sector Las Rastras,https://publicidadtalca.cl/marketing-digital/las-rastras/,confirmar: marketing digital no encaja con merchandising; ¿se migra o se descarta?
https://agenciasi.cl/marketing/rancagua/,Marketing digital,Rancagua,Agencia de Marketing Digital en Rancagua | AgenciaSI Chile,"Agencia de publicidad y marketing digital en Rancagua. Meta Ads, SEO, Google Ads y sitios web para pymes de Rancagua. Cotiza gratis — resultados reales.",agencia de marketing digital Rancagua,https://publicidadtalca.cl/marketing-digital/rancagua/,confirmar: marketing digital no encaja con merchandising; ¿se migra o se descarta?
https://agenciasi.cl/letreros/talca/,Letreros volumétricos,Talca,Letreros Volumétricos en Talca | AgenciaSI Gráficas · Región del Maule,"Letreros volumétricos en Talca: acrílico, PVC, LED, madera y foam. Fabricamos e instalamos en Talca y toda la Región del Maule. Cotización gratis por WhatsApp.",letreros volumétricos Talca,https://publicidadtalca.cl/letreros-volumetricos/talca/,confirmar: migrar
https://agenciasi.cl/letreros/constitucion/,Letreros volumétricos,Constitución,Letreros Volumétricos en Constitución | AgenciaSI Gráficas · Región del Maule,"Letreros volumétricos en Constitución: acrílico, PVC, LED, madera y foam. Fabricamos e instalamos en Constitución y toda la Región del Maule. Cotización gratis por WhatsApp.",letreros volumétricos Constitución,https://publicidadtalca.cl/letreros-volumetricos/constitucion/,confirmar: migrar
https://agenciasi.cl/letreros/curepto/,Letreros volumétricos,Curepto,Letreros Volumétricos en Curepto | AgenciaSI Gráficas · Región del Maule,"Letreros volumétricos en Curepto: acrílico, PVC, LED, madera y foam. Fabricamos e instalamos en Curepto y toda la Región del Maule. Cotización gratis por WhatsApp.",letreros volumétricos Curepto,https://publicidadtalca.cl/letreros-volumetricos/curepto/,confirmar: migrar
https://agenciasi.cl/letreros/empedrado/,Letreros volumétricos,Empedrado,Letreros Volumétricos en Empedrado | AgenciaSI Gráficas · Región del Maule,"Letreros volumétricos en Empedrado: acrílico, PVC, LED, madera y foam. Fabricamos e instalamos en Empedrado y toda la Región del Maule. Cotización gratis por WhatsApp.",letreros volumétricos Empedrado,https://publicidadtalca.cl/letreros-volumetricos/empedrado/,confirmar: migrar
https://agenciasi.cl/letreros/maule/,Letreros volumétricos,Maule,Letreros Volumétricos en Maule | AgenciaSI Gráficas · Región del Maule,"Letreros volumétricos en Maule: acrílico, PVC, LED, madera y foam. Fabricamos e instalamos en Maule y toda la Región del Maule. Cotización gratis por WhatsApp.",letreros volumétricos Maule,https://publicidadtalca.cl/letreros-volumetricos/maule/,confirmar: migrar
https://agenciasi.cl/letreros/pelarco/,Letreros volumétricos,Pelarco,Letreros Volumétricos en Pelarco | AgenciaSI Gráficas · Región del Maule,"Letreros volumétricos en Pelarco: acrílico, PVC, LED, madera y foam. Fabricamos e instalamos en Pelarco y toda la Región del Maule. Cotización gratis por WhatsApp.",letreros volumétricos Pelarco,https://publicidadtalca.cl/letreros-volumetricos/pelarco/,confirmar: migrar
https://agenciasi.cl/letreros/pencahue/,Letreros volumétricos,Pencahue,Letreros Volumétricos en Pencahue | AgenciaSI Gráficas · Región del Maule,"Letreros volumétricos en Pencahue: acrílico, PVC, LED, madera y foam. Fabricamos e instalamos en Pencahue y toda la Región del Maule. Cotización gratis por WhatsApp.",letreros volumétricos Pencahue,https://publicidadtalca.cl/letreros-volumetricos/pencahue/,confirmar: migrar
https://agenciasi.cl/letreros/rio-claro/,Letreros volumétricos,Río Claro,Letreros Volumétricos en Río Claro | AgenciaSI Gráficas · Región del Maule,"Letreros volumétricos en Río Claro: acrílico, PVC, LED, madera y foam. Fabricamos e instalamos en Río Claro y toda la Región del Maule. Cotización gratis por WhatsApp.",letreros volumétricos Río Claro,https://publicidadtalca.cl/letreros-volumetricos/rio-claro/,confirmar: migrar
https://agenciasi.cl/letreros/san-clemente/,Letreros volumétricos,San Clemente,Letreros Volumétricos en San Clemente | AgenciaSI Gráficas · Región del Maule,"Letreros volumétricos en San Clemente: acrílico, PVC, LED, madera y foam. Fabricamos e instalamos en San Clemente y toda la Región del Maule. Cotización gratis por WhatsApp.",letreros volumétricos San Clemente,https://publicidadtalca.cl/letreros-volumetricos/san-clemente/,confirmar: migrar
https://agenciasi.cl/letreros/san-rafael/,Letreros volumétricos,San Rafael,Letreros Volumétricos en San Rafael | AgenciaSI Gráficas · Región del Maule,"Letreros volumétricos en San Rafael: acrílico, PVC, LED, madera y foam. Fabricamos e instalamos en San Rafael y toda la Región del Maule. Cotización gratis por WhatsApp.",letreros volumétricos San Rafael,https://publicidadtalca.cl/letreros-volumetricos/san-rafael/,confirmar: migrar
https://agenciasi.cl/letreros/curico/,Letreros volumétricos,Curicó,Letreros Volumétricos en Curicó | AgenciaSI Gráficas · Región del Maule,"Letreros volumétricos en Curicó: acrílico, PVC, LED, madera y foam. Fabricamos e instalamos en Curicó y toda la Región del Maule. Cotización gratis por WhatsApp.",letreros volumétricos Curicó,https://publicidadtalca.cl/letreros-volumetricos/curico/,confirmar: migrar
https://agenciasi.cl/letreros/hualane/,Letreros volumétricos,Hualañé,Letreros Volumétricos en Hualañé | AgenciaSI Gráficas · Región del Maule,"Letreros volumétricos en Hualañé: acrílico, PVC, LED, madera y foam. Fabricamos e instalamos en Hualañé y toda la Región del Maule. Cotización gratis por WhatsApp.",letreros volumétricos Hualañé,https://publicidadtalca.cl/letreros-volumetricos/hualane/,confirmar: migrar
https://agenciasi.cl/letreros/licanten/,Letreros volumétricos,Licantén,Letreros Volumétricos en Licantén | AgenciaSI Gráficas · Región del Maule,"Letreros volumétricos en Licantén: acrílico, PVC, LED, madera y foam. Fabricamos e instalamos en Licantén y toda la Región del Maule. Cotización gratis por WhatsApp.",letreros volumétricos Licantén,https://publicidadtalca.cl/letreros-volumetricos/licanten/,confirmar: migrar
https://agenciasi.cl/letreros/molina/,Letreros volumétricos,Molina,Letreros Volumétricos en Molina | AgenciaSI Gráficas · Región del Maule,"Letreros volumétricos en Molina: acrílico, PVC, LED, madera y foam. Fabricamos e instalamos en Molina y toda la Región del Maule. Cotización gratis por WhatsApp.",letreros volumétricos Molina,https://publicidadtalca.cl/letreros-volumetricos/molina/,confirmar: migrar
https://agenciasi.cl/letreros/rauco/,Letreros volumétricos,Rauco,Letreros Volumétricos en Rauco | AgenciaSI Gráficas · Región del Maule,"Letreros volumétricos en Rauco: acrílico, PVC, LED, madera y foam. Fabricamos e instalamos en Rauco y toda la Región del Maule. Cotización gratis por WhatsApp.",letreros volumétricos Rauco,https://publicidadtalca.cl/letreros-volumetricos/rauco/,confirmar: migrar
https://agenciasi.cl/letreros/romeral/,Letreros volumétricos,Romeral,Letreros Volumétricos en Romeral | AgenciaSI Gráficas · Región del Maule,"Letreros volumétricos en Romeral: acrílico, PVC, LED, madera y foam. Fabricamos e instalamos en Romeral y toda la Región del Maule. Cotización gratis por WhatsApp.",letreros volumétricos Romeral,https://publicidadtalca.cl/letreros-volumetricos/romeral/,confirmar: migrar
https://agenciasi.cl/letreros/sagrada-familia/,Letreros volumétricos,Sagrada Familia,Letreros Volumétricos en Sagrada Familia | AgenciaSI Gráficas · Región del Maule,"Letreros volumétricos en Sagrada Familia: acrílico, PVC, LED, madera y foam. Fabricamos e instalamos en Sagrada Familia y toda la Región del Maule. Cotización gratis por WhatsApp.",letreros volumétricos Sagrada Familia,https://publicidadtalca.cl/letreros-volumetricos/sagrada-familia/,confirmar: migrar
https://agenciasi.cl/letreros/teno/,Letreros volumétricos,Teno,Letreros Volumétricos en Teno | AgenciaSI Gráficas · Región del Maule,"Letreros volumétricos en Teno: acrílico, PVC, LED, madera y foam. Fabricamos e instalamos en Teno y toda la Región del Maule. Cotización gratis por WhatsApp.",letreros volumétricos Teno,https://publicidadtalca.cl/letreros-volumetricos/teno/,confirmar: migrar
https://agenciasi.cl/letreros/vichuquen/,Letreros volumétricos,Vichuquén,Letreros Volumétricos en Vichuquén | AgenciaSI Gráficas · Región del Maule,"Letreros volumétricos en Vichuquén: acrílico, PVC, LED, madera y foam. Fabricamos e instalamos en Vichuquén y toda la Región del Maule. Cotización gratis por WhatsApp.",letreros volumétricos Vichuquén,https://publicidadtalca.cl/letreros-volumetricos/vichuquen/,confirmar: migrar
https://agenciasi.cl/letreros/linares/,Letreros volumétricos,Linares,Letreros Volumétricos en Linares | AgenciaSI Gráficas · Región del Maule,"Letreros volumétricos en Linares: acrílico, PVC, LED, madera y foam. Fabricamos e instalamos en Linares y toda la Región del Maule. Cotización gratis por WhatsApp.",letreros volumétricos Linares,https://publicidadtalca.cl/letreros-volumetricos/linares/,confirmar: migrar
https://agenciasi.cl/letreros/colbun/,Letreros volumétricos,Colbún,Letreros Volumétricos en Colbún | AgenciaSI Gráficas · Región del Maule,"Letreros volumétricos en Colbún: acrílico, PVC, LED, madera y foam. Fabricamos e instalamos en Colbún y toda la Región del Maule. Cotización gratis por WhatsApp.",letreros volumétricos Colbún,https://publicidadtalca.cl/letreros-volumetricos/colbun/,confirmar: migrar
https://agenciasi.cl/letreros/longavi/,Letreros volumétricos,Longaví,Letreros Volumétricos en Longaví | AgenciaSI Gráficas · Región del Maule,"Letreros volumétricos en Longaví: acrílico, PVC, LED, madera y foam. Fabricamos e instalamos en Longaví y toda la Región del Maule. Cotización gratis por WhatsApp.",letreros volumétricos Longaví,https://publicidadtalca.cl/letreros-volumetricos/longavi/,confirmar: migrar
https://agenciasi.cl/letreros/parral/,Letreros volumétricos,Parral,Letreros Volumétricos en Parral | AgenciaSI Gráficas · Región del Maule,"Letreros volumétricos en Parral: acrílico, PVC, LED, madera y foam. Fabricamos e instalamos en Parral y toda la Región del Maule. Cotización gratis por WhatsApp.",letreros volumétricos Parral,https://publicidadtalca.cl/letreros-volumetricos/parral/,confirmar: migrar
https://agenciasi.cl/letreros/retiro/,Letreros volumétricos,Retiro,Letreros Volumétricos en Retiro | AgenciaSI Gráficas · Región del Maule,"Letreros volumétricos en Retiro: acrílico, PVC, LED, madera y foam. Fabricamos e instalamos en Retiro y toda la Región del Maule. Cotización gratis por WhatsApp.",letreros volumétricos Retiro,https://publicidadtalca.cl/letreros-volumetricos/retiro/,confirmar: migrar
https://agenciasi.cl/letreros/san-javier/,Letreros volumétricos,San Javier,Letreros Volumétricos en San Javier | AgenciaSI Gráficas · Región del Maule,"Letreros volumétricos en San Javier: acrílico, PVC, LED, madera y foam. Fabricamos e instalamos en San Javier y toda la Región del Maule. Cotización gratis por WhatsApp.",letreros volumétricos San Javier,https://publicidadtalca.cl/letreros-volumetricos/san-javier/,confirmar: migrar
https://agenciasi.cl/letreros/villa-alegre/,Letreros volumétricos,Villa Alegre,Letreros Volumétricos en Villa Alegre | AgenciaSI Gráficas · Región del Maule,"Letreros volumétricos en Villa Alegre: acrílico, PVC, LED, madera y foam. Fabricamos e instalamos en Villa Alegre y toda la Región del Maule. Cotización gratis por WhatsApp.",letreros volumétricos Villa Alegre,https://publicidadtalca.cl/letreros-volumetricos/villa-alegre/,confirmar: migrar
https://agenciasi.cl/letreros/yerbas-buenas/,Letreros volumétricos,Yerbas Buenas,Letreros Volumétricos en Yerbas Buenas | AgenciaSI Gráficas · Región del Maule,"Letreros volumétricos en Yerbas Buenas: acrílico, PVC, LED, madera y foam. Fabricamos e instalamos en Yerbas Buenas y toda la Región del Maule. Cotización gratis por WhatsApp.",letreros volumétricos Yerbas Buenas,https://publicidadtalca.cl/letreros-volumetricos/yerbas-buenas/,confirmar: migrar
https://agenciasi.cl/letreros/cauquenes/,Letreros volumétricos,Cauquenes,Letreros Volumétricos en Cauquenes | AgenciaSI Gráficas · Región del Maule,"Letreros volumétricos en Cauquenes: acrílico, PVC, LED, madera y foam. Fabricamos e instalamos en Cauquenes y toda la Región del Maule. Cotización gratis por WhatsApp.",letreros volumétricos Cauquenes,https://publicidadtalca.cl/letreros-volumetricos/cauquenes/,confirmar: migrar
https://agenciasi.cl/letreros/chanco/,Letreros volumétricos,Chanco,Letreros Volumétricos en Chanco | AgenciaSI Gráficas · Región del Maule,"Letreros volumétricos en Chanco: acrílico, PVC, LED, madera y foam. Fabricamos e instalamos en Chanco y toda la Región del Maule. Cotización gratis por WhatsApp.",letreros volumétricos Chanco,https://publicidadtalca.cl/letreros-volumetricos/chanco/,confirmar: migrar
https://agenciasi.cl/letreros/pelluhue/,Letreros volumétricos,Pelluhue,Letreros Volumétricos en Pelluhue | AgenciaSI Gráficas · Región del Maule,"Letreros volumétricos en Pelluhue: acrílico, PVC, LED, madera y foam. Fabricamos e instalamos en Pelluhue y toda la Región del Maule. Cotización gratis por WhatsApp.",letreros volumétricos Pelluhue,https://publicidadtalca.cl/letreros-volumetricos/pelluhue/,confirmar: migrar
https://agenciasi.cl/letreros/las-rastras/,Letreros volumétricos,Sector Las Rastras,Letreros Volumétricos en Sector Las Rastras | AgenciaSI Gráficas · Región del Maule,"Letreros volumétricos en Sector Las Rastras: acrílico, PVC, LED, madera y foam. Fabricamos e instalamos en Sector Las Rastras y toda la Región del Maule. Cotización gratis por WhatsApp.",letreros volumétricos Sector Las Rastras,https://publicidadtalca.cl/letreros-volumetricos/las-rastras/,confirmar: migrar
https://agenciasi.cl/publicidad-corporativa/talca/,Publicidad corporativa / merchandising,Talca,Publicidad Corporativa en Talca | Imprenta y Merchandising — AgenciaSI,"Señalética, letreros, ropa corporativa, tarjetas, pendones, lanyards, bolsas TNT y trofeos en Talca. Producción a volumen con cumplimiento de plazos y precios justos.",publicidad corporativa Talca,https://publicidadtalca.cl/publicidad-corporativa/talca/,confirmar: migrar
https://agenciasi.cl/publicidad-corporativa/constitucion/,Publicidad corporativa / merchandising,Constitución,Publicidad Corporativa en Constitución | Imprenta y Merchandising — AgenciaSI,"Señalética, letreros, ropa corporativa, tarjetas, pendones, lanyards, bolsas TNT y trofeos en Constitución. Producción a volumen con cumplimiento de plazos y precios justos.",publicidad corporativa Constitución,https://publicidadtalca.cl/publicidad-corporativa/constitucion/,confirmar: migrar
https://agenciasi.cl/publicidad-corporativa/curepto/,Publicidad corporativa / merchandising,Curepto,Publicidad Corporativa en Curepto | Imprenta y Merchandising — AgenciaSI,"Señalética, letreros, ropa corporativa, tarjetas, pendones, lanyards, bolsas TNT y trofeos en Curepto. Producción a volumen con cumplimiento de plazos y precios justos.",publicidad corporativa Curepto,https://publicidadtalca.cl/publicidad-corporativa/curepto/,confirmar: migrar
https://agenciasi.cl/publicidad-corporativa/empedrado/,Publicidad corporativa / merchandising,Empedrado,Publicidad Corporativa en Empedrado | Imprenta y Merchandising — AgenciaSI,"Señalética, letreros, ropa corporativa, tarjetas, pendones, lanyards, bolsas TNT y trofeos en Empedrado. Producción a volumen con cumplimiento de plazos y precios justos.",publicidad corporativa Empedrado,https://publicidadtalca.cl/publicidad-corporativa/empedrado/,confirmar: migrar
https://agenciasi.cl/publicidad-corporativa/maule/,Publicidad corporativa / merchandising,Maule,Publicidad Corporativa en Maule | Imprenta y Merchandising — AgenciaSI,"Señalética, letreros, ropa corporativa, tarjetas, pendones, lanyards, bolsas TNT y trofeos en Maule. Producción a volumen con cumplimiento de plazos y precios justos.",publicidad corporativa Maule,https://publicidadtalca.cl/publicidad-corporativa/maule/,confirmar: migrar
https://agenciasi.cl/publicidad-corporativa/pelarco/,Publicidad corporativa / merchandising,Pelarco,Publicidad Corporativa en Pelarco | Imprenta y Merchandising — AgenciaSI,"Señalética, letreros, ropa corporativa, tarjetas, pendones, lanyards, bolsas TNT y trofeos en Pelarco. Producción a volumen con cumplimiento de plazos y precios justos.",publicidad corporativa Pelarco,https://publicidadtalca.cl/publicidad-corporativa/pelarco/,confirmar: migrar
https://agenciasi.cl/publicidad-corporativa/pencahue/,Publicidad corporativa / merchandising,Pencahue,Publicidad Corporativa en Pencahue | Imprenta y Merchandising — AgenciaSI,"Señalética, letreros, ropa corporativa, tarjetas, pendones, lanyards, bolsas TNT y trofeos en Pencahue. Producción a volumen con cumplimiento de plazos y precios justos.",publicidad corporativa Pencahue,https://publicidadtalca.cl/publicidad-corporativa/pencahue/,confirmar: migrar
https://agenciasi.cl/publicidad-corporativa/rio-claro/,Publicidad corporativa / merchandising,Río Claro,Publicidad Corporativa en Río Claro | Imprenta y Merchandising — AgenciaSI,"Señalética, letreros, ropa corporativa, tarjetas, pendones, lanyards, bolsas TNT y trofeos en Río Claro. Producción a volumen con cumplimiento de plazos y precios justos.",publicidad corporativa Río Claro,https://publicidadtalca.cl/publicidad-corporativa/rio-claro/,confirmar: migrar
https://agenciasi.cl/publicidad-corporativa/san-clemente/,Publicidad corporativa / merchandising,San Clemente,Publicidad Corporativa en San Clemente | Imprenta y Merchandising — AgenciaSI,"Señalética, letreros, ropa corporativa, tarjetas, pendones, lanyards, bolsas TNT y trofeos en San Clemente. Producción a volumen con cumplimiento de plazos y precios justos.",publicidad corporativa San Clemente,https://publicidadtalca.cl/publicidad-corporativa/san-clemente/,confirmar: migrar
https://agenciasi.cl/publicidad-corporativa/san-rafael/,Publicidad corporativa / merchandising,San Rafael,Publicidad Corporativa en San Rafael | Imprenta y Merchandising — AgenciaSI,"Señalética, letreros, ropa corporativa, tarjetas, pendones, lanyards, bolsas TNT y trofeos en San Rafael. Producción a volumen con cumplimiento de plazos y precios justos.",publicidad corporativa San Rafael,https://publicidadtalca.cl/publicidad-corporativa/san-rafael/,confirmar: migrar
https://agenciasi.cl/publicidad-corporativa/curico/,Publicidad corporativa / merchandising,Curicó,Publicidad Corporativa en Curicó | Imprenta y Merchandising — AgenciaSI,"Señalética, letreros, ropa corporativa, tarjetas, pendones, lanyards, bolsas TNT y trofeos en Curicó. Producción a volumen con cumplimiento de plazos y precios justos.",publicidad corporativa Curicó,https://publicidadtalca.cl/publicidad-corporativa/curico/,confirmar: migrar
https://agenciasi.cl/publicidad-corporativa/hualane/,Publicidad corporativa / merchandising,Hualañé,Publicidad Corporativa en Hualañé | Imprenta y Merchandising — AgenciaSI,"Señalética, letreros, ropa corporativa, tarjetas, pendones, lanyards, bolsas TNT y trofeos en Hualañé. Producción a volumen con cumplimiento de plazos y precios justos.",publicidad corporativa Hualañé,https://publicidadtalca.cl/publicidad-corporativa/hualane/,confirmar: migrar
https://agenciasi.cl/publicidad-corporativa/licanten/,Publicidad corporativa / merchandising,Licantén,Publicidad Corporativa en Licantén | Imprenta y Merchandising — AgenciaSI,"Señalética, letreros, ropa corporativa, tarjetas, pendones, lanyards, bolsas TNT y trofeos en Licantén. Producción a volumen con cumplimiento de plazos y precios justos.",publicidad corporativa Licantén,https://publicidadtalca.cl/publicidad-corporativa/licanten/,confirmar: migrar
https://agenciasi.cl/publicidad-corporativa/molina/,Publicidad corporativa / merchandising,Molina,Publicidad Corporativa en Molina | Imprenta y Merchandising — AgenciaSI,"Señalética, letreros, ropa corporativa, tarjetas, pendones, lanyards, bolsas TNT y trofeos en Molina. Producción a volumen con cumplimiento de plazos y precios justos.",publicidad corporativa Molina,https://publicidadtalca.cl/publicidad-corporativa/molina/,confirmar: migrar
https://agenciasi.cl/publicidad-corporativa/rauco/,Publicidad corporativa / merchandising,Rauco,Publicidad Corporativa en Rauco | Imprenta y Merchandising — AgenciaSI,"Señalética, letreros, ropa corporativa, tarjetas, pendones, lanyards, bolsas TNT y trofeos en Rauco. Producción a volumen con cumplimiento de plazos y precios justos.",publicidad corporativa Rauco,https://publicidadtalca.cl/publicidad-corporativa/rauco/,confirmar: migrar
https://agenciasi.cl/publicidad-corporativa/romeral/,Publicidad corporativa / merchandising,Romeral,Publicidad Corporativa en Romeral | Imprenta y Merchandising — AgenciaSI,"Señalética, letreros, ropa corporativa, tarjetas, pendones, lanyards, bolsas TNT y trofeos en Romeral. Producción a volumen con cumplimiento de plazos y precios justos.",publicidad corporativa Romeral,https://publicidadtalca.cl/publicidad-corporativa/romeral/,confirmar: migrar
https://agenciasi.cl/publicidad-corporativa/sagrada-familia/,Publicidad corporativa / merchandising,Sagrada Familia,Publicidad Corporativa en Sagrada Familia | Imprenta y Merchandising — AgenciaSI,"Señalética, letreros, ropa corporativa, tarjetas, pendones, lanyards, bolsas TNT y trofeos en Sagrada Familia. Producción a volumen con cumplimiento de plazos y precios justos.",publicidad corporativa Sagrada Familia,https://publicidadtalca.cl/publicidad-corporativa/sagrada-familia/,confirmar: migrar
https://agenciasi.cl/publicidad-corporativa/teno/,Publicidad corporativa / merchandising,Teno,Publicidad Corporativa en Teno | Imprenta y Merchandising — AgenciaSI,"Señalética, letreros, ropa corporativa, tarjetas, pendones, lanyards, bolsas TNT y trofeos en Teno. Producción a volumen con cumplimiento de plazos y precios justos.",publicidad corporativa Teno,https://publicidadtalca.cl/publicidad-corporativa/teno/,confirmar: migrar
https://agenciasi.cl/publicidad-corporativa/vichuquen/,Publicidad corporativa / merchandising,Vichuquén,Publicidad Corporativa en Vichuquén | Imprenta y Merchandising — AgenciaSI,"Señalética, letreros, ropa corporativa, tarjetas, pendones, lanyards, bolsas TNT y trofeos en Vichuquén. Producción a volumen con cumplimiento de plazos y precios justos.",publicidad corporativa Vichuquén,https://publicidadtalca.cl/publicidad-corporativa/vichuquen/,confirmar: migrar
https://agenciasi.cl/publicidad-corporativa/linares/,Publicidad corporativa / merchandising,Linares,Publicidad Corporativa en Linares | Imprenta y Merchandising — AgenciaSI,"Señalética, letreros, ropa corporativa, tarjetas, pendones, lanyards, bolsas TNT y trofeos en Linares. Producción a volumen con cumplimiento de plazos y precios justos.",publicidad corporativa Linares,https://publicidadtalca.cl/publicidad-corporativa/linares/,confirmar: migrar
https://agenciasi.cl/publicidad-corporativa/colbun/,Publicidad corporativa / merchandising,Colbún,Publicidad Corporativa en Colbún | Imprenta y Merchandising — AgenciaSI,"Señalética, letreros, ropa corporativa, tarjetas, pendones, lanyards, bolsas TNT y trofeos en Colbún. Producción a volumen con cumplimiento de plazos y precios justos.",publicidad corporativa Colbún,https://publicidadtalca.cl/publicidad-corporativa/colbun/,confirmar: migrar
https://agenciasi.cl/publicidad-corporativa/longavi/,Publicidad corporativa / merchandising,Longaví,Publicidad Corporativa en Longaví | Imprenta y Merchandising — AgenciaSI,"Señalética, letreros, ropa corporativa, tarjetas, pendones, lanyards, bolsas TNT y trofeos en Longaví. Producción a volumen con cumplimiento de plazos y precios justos.",publicidad corporativa Longaví,https://publicidadtalca.cl/publicidad-corporativa/longavi/,confirmar: migrar
https://agenciasi.cl/publicidad-corporativa/parral/,Publicidad corporativa / merchandising,Parral,Publicidad Corporativa en Parral | Imprenta y Merchandising — AgenciaSI,"Señalética, letreros, ropa corporativa, tarjetas, pendones, lanyards, bolsas TNT y trofeos en Parral. Producción a volumen con cumplimiento de plazos y precios justos.",publicidad corporativa Parral,https://publicidadtalca.cl/publicidad-corporativa/parral/,confirmar: migrar
https://agenciasi.cl/publicidad-corporativa/retiro/,Publicidad corporativa / merchandising,Retiro,Publicidad Corporativa en Retiro | Imprenta y Merchandising — AgenciaSI,"Señalética, letreros, ropa corporativa, tarjetas, pendones, lanyards, bolsas TNT y trofeos en Retiro. Producción a volumen con cumplimiento de plazos y precios justos.",publicidad corporativa Retiro,https://publicidadtalca.cl/publicidad-corporativa/retiro/,confirmar: migrar
https://agenciasi.cl/publicidad-corporativa/san-javier/,Publicidad corporativa / merchandising,San Javier,Publicidad Corporativa en San Javier | Imprenta y Merchandising — AgenciaSI,"Señalética, letreros, ropa corporativa, tarjetas, pendones, lanyards, bolsas TNT y trofeos en San Javier. Producción a volumen con cumplimiento de plazos y precios justos.",publicidad corporativa San Javier,https://publicidadtalca.cl/publicidad-corporativa/san-javier/,confirmar: migrar
https://agenciasi.cl/publicidad-corporativa/villa-alegre/,Publicidad corporativa / merchandising,Villa Alegre,Publicidad Corporativa en Villa Alegre | Imprenta y Merchandising — AgenciaSI,"Señalética, letreros, ropa corporativa, tarjetas, pendones, lanyards, bolsas TNT y trofeos en Villa Alegre. Producción a volumen con cumplimiento de plazos y precios justos.",publicidad corporativa Villa Alegre,https://publicidadtalca.cl/publicidad-corporativa/villa-alegre/,confirmar: migrar
https://agenciasi.cl/publicidad-corporativa/yerbas-buenas/,Publicidad corporativa / merchandising,Yerbas Buenas,Publicidad Corporativa en Yerbas Buenas | Imprenta y Merchandising — AgenciaSI,"Señalética, letreros, ropa corporativa, tarjetas, pendones, lanyards, bolsas TNT y trofeos en Yerbas Buenas. Producción a volumen con cumplimiento de plazos y precios justos.",publicidad corporativa Yerbas Buenas,https://publicidadtalca.cl/publicidad-corporativa/yerbas-buenas/,confirmar: migrar
https://agenciasi.cl/publicidad-corporativa/cauquenes/,Publicidad corporativa / merchandising,Cauquenes,Publicidad Corporativa en Cauquenes | Imprenta y Merchandising — AgenciaSI,"Señalética, letreros, ropa corporativa, tarjetas, pendones, lanyards, bolsas TNT y trofeos en Cauquenes. Producción a volumen con cumplimiento de plazos y precios justos.",publicidad corporativa Cauquenes,https://publicidadtalca.cl/publicidad-corporativa/cauquenes/,confirmar: migrar
https://agenciasi.cl/publicidad-corporativa/chanco/,Publicidad corporativa / merchandising,Chanco,Publicidad Corporativa en Chanco | Imprenta y Merchandising — AgenciaSI,"Señalética, letreros, ropa corporativa, tarjetas, pendones, lanyards, bolsas TNT y trofeos en Chanco. Producción a volumen con cumplimiento de plazos y precios justos.",publicidad corporativa Chanco,https://publicidadtalca.cl/publicidad-corporativa/chanco/,confirmar: migrar
https://agenciasi.cl/publicidad-corporativa/pelluhue/,Publicidad corporativa / merchandising,Pelluhue,Publicidad Corporativa en Pelluhue | Imprenta y Merchandising — AgenciaSI,"Señalética, letreros, ropa corporativa, tarjetas, pendones, lanyards, bolsas TNT y trofeos en Pelluhue. Producción a volumen con cumplimiento de plazos y precios justos.",publicidad corporativa Pelluhue,https://publicidadtalca.cl/publicidad-corporativa/pelluhue/,confirmar: migrar
https://agenciasi.cl/publicidad-corporativa/las-rastras/,Publicidad corporativa / merchandising,Sector Las Rastras,Publicidad Corporativa en Sector Las Rastras | Imprenta y Merchandising — AgenciaSI,"Señalética, letreros, ropa corporativa, tarjetas, pendones, lanyards, bolsas TNT y trofeos en Sector Las Rastras. Producción a volumen con cumplimiento de plazos y precios justos.",publicidad corporativa Sector Las Rastras,https://publicidadtalca.cl/publicidad-corporativa/las-rastras/,confirmar: migrar
https://agenciasi.cl/publicidad-corporativa/rancagua/,Publicidad corporativa / merchandising,Rancagua,Publicidad Corporativa en Rancagua | Imprenta y Merchandising — AgenciaSI,"Señalética, letreros, ropa corporativa, tarjetas, pendones, lanyards, bolsas TNT y trofeos en Rancagua. Producción a volumen con cumplimiento de plazos y precios justos.",publicidad corporativa Rancagua,https://publicidadtalca.cl/publicidad-corporativa/rancagua/,confirmar: migrar
https://agenciasi.cl/publicidad-corporativa/santiago/,Publicidad corporativa / merchandising,Santiago,Publicidad Corporativa en Santiago | Imprenta y Merchandising — AgenciaSI,"Señalética, letreros, ropa corporativa, tarjetas, pendones, lanyards, bolsas TNT y trofeos en Santiago. Producción a volumen con cumplimiento de plazos y precios justos.",publicidad corporativa Santiago,https://publicidadtalca.cl/publicidad-corporativa/santiago/,confirmar: migrar
https://agenciasi.cl/publicidad-corporativa/vina-del-mar/,Publicidad corporativa / merchandising,Viña del Mar,Publicidad Corporativa en Viña del Mar | Imprenta y Merchandising — AgenciaSI,"Señalética, letreros, ropa corporativa, tarjetas, pendones, lanyards, bolsas TNT y trofeos en Viña del Mar. Producción a volumen con cumplimiento de plazos y precios justos.",publicidad corporativa Viña del Mar,https://publicidadtalca.cl/publicidad-corporativa/vina-del-mar/,confirmar: migrar
https://agenciasi.cl/publicidad-corporativa/pucon/,Publicidad corporativa / merchandising,Pucón,Publicidad Corporativa en Pucón | Imprenta y Merchandising — AgenciaSI,"Señalética, letreros, ropa corporativa, tarjetas, pendones, lanyards, bolsas TNT y trofeos en Pucón. Producción a volumen con cumplimiento de plazos y precios justos.",publicidad corporativa Pucón,https://publicidadtalca.cl/publicidad-corporativa/pucon/,confirmar: migrar
https://agenciasi.cl/publicidad-corporativa/temuco/,Publicidad corporativa / merchandising,Temuco,Publicidad Corporativa en Temuco | Imprenta y Merchandising — AgenciaSI,"Señalética, letreros, ropa corporativa, tarjetas, pendones, lanyards, bolsas TNT y trofeos en Temuco. Producción a volumen con cumplimiento de plazos y precios justos.",publicidad corporativa Temuco,https://publicidadtalca.cl/publicidad-corporativa/temuco/,confirmar: migrar
https://agenciasi.cl/publicidad-corporativa/las-condes/,Publicidad corporativa / merchandising,Las Condes,Publicidad Corporativa en Las Condes | Imprenta y Merchandising — AgenciaSI,"Señalética, letreros, ropa corporativa, tarjetas, pendones, lanyards, bolsas TNT y trofeos en Las Condes. Producción a volumen con cumplimiento de plazos y precios justos.",publicidad corporativa Las Condes,https://publicidadtalca.cl/publicidad-corporativa/las-condes/,confirmar: migrar
